,Total proceedings,Injunction proceedings,Injunction proceedings,Total dispositions,Disposition of injunctions,Disposition of injunctions,Disposition of injunctions,Disposition of injunctions,Disposition of injunctions,Disposition of injunctions,"Pending in district court June 30, 1967"
,Total proceedings,"Pending in district court July 1, 1966",Filed in district court fiscal year 1967,Total dispositions,Granted,Denied,Settled,Withdrawn,Dismissed,Inactive,"Pending in district court June 30, 1967"
"Under sec. 10(e), total",4,0,4,2,2,0,0,0,0,0,2
"Under sec. 10(j), total",27,5,22,23,12,2,5,2,2,0,4
8(a)(1),1,0,1,1,1,0,0,0,0,0,0
8(a)(1)(2); 8(b)(1)(A),1,0,1,1,1,0,0,0,0,0,0
"8(a)(1)(2)(3), 8(b)(1)(A)(2)",1,0,1,1,1,0,0,0,0,0,0
8(a)(1)(2)(5); 8(b)(1)(A)(2),1,0,1,1,1,0,0,0,0,0,0
8(a)(1)(3),5,2,3,4,3,0,1,0,0,0,1
"8(a)(1)(3), 8(b)(1)(A)(2)",1,1,0,1,0,0,1,0,0,0,0
8(a)(1)(3)(5),4,0,4,3,0,1,1,0,1,0,1
8(a)(1)(3)(4)(5),1,1,0,1,1,0,0,0,0,0,0
8(a)(1)(5),10,1,9,8,3,1,1,2,1,0,2
8(b)(1)(A),1,0,1,1,0,0,1,0,0,0,0
8(b)(3),1,0,1,1,1,0,0,0,0,0,0
"Under sec 10(l), total",174,16,158,169,61,8,83,10,2,5,5
8(b)(4)(A),1,0,1,1,0,0,1,0,0,0,0
8(b)(4)(A)(B),3,0,3,3,1,0,2,0,0,0,0
8(b)(4)(A)(B); 8(e),1,0,1,1,0,0,0,0,0,1,0
8(b)(4)(B),78,10,68,78,31,4,37,4,1,1,0
8(b)(4)(B)(D),13,0,13,13,4,0,9,0,0,0,0
8(b)(4)(D),43,1,42,42,11,2,20,6,1,2,1
8(b)(7)(A),10,4,6,7,4,0,3,0,0,0,3
8(b)(7)(A)(B),1,0,1,1,1,0,0,0,0,0,0
8(b)(7)(B),9,0,9,9,4,1,4,0,0,0,0
8(b)(7)(C),12,1,11,12,3,1,7,0,0,1,1
8(e),3,0,3,2,2,0,0,0,0,0,1
