312,258,211,33,8,0,6,0,0,53,41,6,6,0,0,1
"1,144",948,739,183,17,1,4,0,4,188,145,7,36,0,0,8
"1,053",762,617,98,25,14,0,1,7,286,257,9,20,0,0,5
"5,874","4,747","3,695",841,136,24,15,6,30,"1,082",911,45,126,5,4,36
"1,070",879,708,119,46,0,0,1,5,181,160,2,19,1,0,9
"1,139",926,695,154,50,16,0,0,11,205,173,5,27,0,1,7
571,457,352,90,11,3,1,0,0,108,90,6,12,0,0,6
285,213,179,31,2,1,0,0,0,68,59,2,7,0,0,4
"3,065","2,475","1,934",394,109,20,1,1,16,562,482,15,65,1,1,26
270,191,168,20,3,0,0,0,0,77,62,3,12,0,0,2
514,423,300,102,10,7,2,0,2,88,74,4,10,1,1,1
390,282,240,26,16,0,0,0,0,105,88,4,13,2,0,1
"1,686","1,384","1,069",264,30,12,0,2,7,289,221,15,53,2,0,11
"2,860","2,280","1,777",412,59,19,2,2,9,559,445,26,88,5,1,15
215,134,90,29,14,0,0,0,1,74,47,7,20,5,0,2
211,153,116,26,10,0,0,1,0,52,38,2,12,4,0,2
89,66,56,10,0,0,0,0,0,23,20,1,2,0,0,0
813,661,512,127,17,2,0,2,1,143,107,2,34,7,0,2
229,182,118,52,9,1,0,0,2,40,33,3,4,2,0,5
743,609,448,128,22,3,0,1,7,130,99,9,22,0,0,4
147,103,85,10,4,2,2,0,0,42,31,0,11,2,0,0
555,449,300,115,24,6,0,0,4,102,81,7,14,0,1,3
"3,002","2,357","1,725",497,100,14,2,4,15,606,456,31,119,20,1,18
"1,710","1,264",881,292,57,17,2,0,15,419,271,53,95,16,0,11
568,361,266,52,32,3,1,0,7,193,127,22,44,6,0,8
"7,012","5,302","3,401","1,187",468,42,58,1,145,"1,606","1,131",238,237,59,6,39
234,165,92,50,10,3,9,0,1,61,43,6,12,2,0,6
241,155,108,36,9,1,0,0,1,82,67,5,10,1,0,3
4,2,1,1,0,0,0,0,0,2,1,1,0,0,0,0
"9,769","7,249","4,749","1,618",576,66,70,1,169,"2,363","1,640",325,398,84,6,67
340,201,175,26,0,0,0,0,0,131,118,5,8,3,0,5
41,25,21,3,1,0,0,0,0,16,16,0,0,0,0,0
381,226,196,29,1,0,0,0,0,147,134,5,8,3,0,5
"55,897","43,321","31,273","9,036","1,950",442,131,35,454,"11,790","9,332",727,"1,731",274,43,469
